product_title,product_id,Product_Price,product_year,product_grade,Product_Grade_Service,Product_Denomination,Product_Mint_Mark,Product_Metal_Mark,product_purity,Product_thinkness,Product_Diameter,First_Image,Second_Image,Third_Image,Stock
,155286,$19.48,2018,Brilliant Unc,None,1 Onza,Mo - Mexico City,1 troy oz,0.999,3 mm,40 mm,https://apmex.exceda.com/images/Catalog Images/Products/155286_Slab.jpg?v=20180226111235&width=450&height=450,https://apmex.exceda.com/images/Catalog Images/Products/155286_Obv.jpg?v=20180226111235&width=450&height=450,https://apmex.exceda.com/images/Catalog Images/Products/155286_Rev.jpg?v=20180226111235&width=450&height=450,1
"
                    2017 Mexico 1 oz Silver Libertad Proof (In Capsule)
                ",103061,$50.48,2017,Proof,None,1 Onza,Mo - Mexico City,1 troy oz,0.999,3 mm,40 mm,https://apmex.exceda.com/images/Catalog Images/Products/103061_Slab.jpg?v=20170419032201&width=450&height=450,https://apmex.exceda.com/images/Catalog Images/Products/103061_Obv.jpg?v=20170419032201&width=450&height=450,https://apmex.exceda.com/images/Catalog Images/Products/103061_Rev.jpg?v=20170419032201&width=450&height=450,1
"
                    2017 Mexico 2 oz Silver Libertad BU
                ",150004,$61.96,2017,Brilliant Unc,None,2 Onzas,Mo - Mexico City,2 troy oz,0.999,4.5 mm,48 mm,https://apmex.exceda.com/images/Catalog Images/Products/150004_Obv.jpg?v=20170403095817&width=450&height=450,https://apmex.exceda.com/images/Catalog Images/Products/150004_Rev.jpg?v=20170403095817&width=450&height=450,,1
"
                    2016 Mexico 1/20 oz Silver Libertad Proof (In Capsule)
                ",98611,$9.76,2016,Proof,None,1/20 Onza,Mo - Mexico City,0.05 troy oz,0.999,1 mm,16 mm,https://apmex.exceda.com/images/Catalog Images/Products/98611_Slab.jpg?v=20160620091655&width=450&height=450,https://apmex.exceda.com/images/Catalog Images/Products/98611_Obv.jpg?v=20160620091655&width=450&height=450,https://apmex.exceda.com/images/Catalog Images/Products/98611_Rev.jpg?v=20160620091655&width=450&height=450,1
"
                    1986 Mexico 1 oz Silver Libertad BU
                ",10205,$41.49,1986,Brilliant Unc,None,1 Onza,Mo - Mexico City,1 troy oz,0.999,4 mm,36 mm,https://apmex.exceda.com/images/Catalog Images/Products/10205_Obv.jpg?v=20130602094622&width=450&height=450,https://apmex.exceda.com/images/Catalog Images/Products/10205_Rev.jpg?v=20130602094622&width=450&height=450,,1
"
                    2018 Mexico 1/2 oz Silver Libertad Proof (In Capsule)
                ",162426,$22.73,2018,Proof,None,1/2 Onza,Mo - Mexico City,0.5 troy oz,0.999,2.6 mm,33 mm,https://apmex.exceda.com/images/Catalog Images/Products/162426_Slab.jpg?v=20180222030920&width=450&height=450,https://apmex.exceda.com/images/Catalog Images/Products/162426_Obv.jpg?v=20180222030920&width=450&height=450,https://apmex.exceda.com/images/Catalog Images/Products/162426_Rev.jpg?v=20180222030920&width=450&height=450,1
"
                    2016 Mexico 1/4 oz Silver Libertad Proof (In Capsule)
                ",98613,$16.86,2016,Proof,None,1/4 Onza,Mo - Mexico City,0.25 troy oz,0.999,1.7 mm,27 mm,https://apmex.exceda.com/images/Catalog Images/Products/98613_Slab.jpg?v=20160620091710&width=450&height=450,https://apmex.exceda.com/images/Catalog Images/Products/98613_Obv.jpg?v=20160620091710&width=450&height=450,https://apmex.exceda.com/images/Catalog Images/Products/98613_Rev.jpg?v=20160620091710&width=450&height=450,1
"
                    2016 Mexico 1/10 oz Silver Libertad Proof (In Capsule)
                ",98612,$11.54,2016,Proof,None,1/10 Onza,Mo - Mexico City,0.1 troy oz,0.999,1.4 mm,20 mm,https://apmex.exceda.com/images/Catalog Images/Products/98612_Slab.jpg?v=20160620091702&width=450&height=450,https://apmex.exceda.com/images/Catalog Images/Products/98612_Obv.jpg?v=20160620091702&width=450&height=450,https://apmex.exceda.com/images/Catalog Images/Products/98612_Rev.jpg?v=20160620091702&width=450&height=450,1
"
                    2016 Mexico 1 oz Silver Libertad (MintDirect® Single)
                ",92659,,2016,Brilliant Unc,MintDirect,1 Onza,Mo - Mexico City,1 troy oz,0.999,3 mm,40 mm,https://apmex.exceda.com/images/Catalog Images/Products/92659_Slab.jpg?v=20160727040312&width=450&height=450,https://apmex.exceda.com/images/Catalog Images/Products/92659_Obv.jpg?v=20160727040312&width=450&height=450,https://apmex.exceda.com/images/Catalog Images/Products/92659_Rev.jpg?v=20160727040312&width=450&height=450,0
"
                    2016 Mexico 1/10 oz Silver Libertad BU
                ",96165,$6.14,2016,Brilliant Unc,None,1/10 Onza,Mo - Mexico City,0.1 troy oz,0.999,1.4 mm,20 mm,https://apmex.exceda.com/images/Catalog Images/Products/96165_Obv.jpg?v=20160412101130&width=450&height=450,https://apmex.exceda.com/images/Catalog Images/Products/96165_Rev.jpg?v=20160412101130&width=450&height=450,,1
"
                    2018 Mexico 5 oz Silver Libertad Proof (In Capsule)
                ",162421,$177.44,2018,Proof,None,5 Onzas,Mo - Mexico City,5 troy oz,0.999,5.4 mm,65 mm,https://apmex.exceda.com/images/Catalog Images/Products/162421_Slab.jpg?v=20180326082029&width=450&height=450,https://apmex.exceda.com/images/Catalog Images/Products/162421_Obv.jpg?v=20180326082029&width=450&height=450,https://apmex.exceda.com/images/Catalog Images/Products/162421_Rev.jpg?v=20180326082029&width=450&height=450,1
"
                    1982 Mexico 1 oz Silver Libertad BU
                ",10201,$37.49,1982,Brilliant Unc,None,1 Onza,Mo - Mexico City,1 troy oz,0.999,4 mm,36 mm,https://apmex.exceda.com/images/Catalog Images/Products/10201_Obv.jpg?v=20130602094622&width=450&height=450,https://apmex.exceda.com/images/Catalog Images/Products/10201_Rev.jpg?v=20130602094622&width=450&height=450,,1
"
                    2018 Mexico 1/10 oz Silver Libertad Proof (In Capsule)
                ",162424,$10.54,2018,Proof,None,1/10 Onza,Mo - Mexico City,0.1 troy oz,0.999,1.4 mm,20 mm,https://apmex.exceda.com/images/Catalog Images/Products/162424_Slab.jpg?v=20180222042531&width=450&height=450,https://apmex.exceda.com/images/Catalog Images/Products/162424_Obv.jpg?v=20180222042531&width=450&height=450,https://apmex.exceda.com/images/Catalog Images/Products/162424_Rev.jpg?v=20180222042531&width=450&height=450,1
"
                    2011 Mexico 1 oz Silver Libertad BU
                ",59040,$24.48,2011,Brilliant Unc,None,1 Onza,Mo - Mexico City,1 troy oz,0.999,3 mm,40 mm,https://apmex.exceda.com/images/Catalog Images/Products/59040_Obv.jpg?v=20130602094622&width=450&height=450,https://apmex.exceda.com/images/Catalog Images/Products/59040_Rev.jpg?v=20130602094622&width=450&height=450,,1
"
                    2012 Mexico 1 oz Silver Libertad BU
                ",66542,$35.49,2012,Brilliant Unc,None,1 Onza,Mo - Mexico City,1 troy oz,0.999,3 mm,40 mm,https://apmex.exceda.com/images/Catalog Images/Products/66542_Obv.jpg?v=20130602094622&width=450&height=450,https://apmex.exceda.com/images/Catalog Images/Products/66542_Rev.jpg?v=20130602094622&width=450&height=450,,1
"
                    2013 Mexico 1 oz Silver Libertad BU
                ",74189,$25.48,2013,Brilliant Unc,None,1 Onza,Mo - Mexico City,1 troy oz,0.999,3 mm,40 mm,https://apmex.exceda.com/images/Catalog Images/Products/74189_Obv.jpg?v=20130602094622&width=450&height=450,https://apmex.exceda.com/images/Catalog Images/Products/74189_Rev.jpg?v=20130602094622&width=450&height=450,/product/74189/2013-mexico-1-oz-silver-libertad-bu,1
"
                    2014 Mexico 5 oz Silver Libertad BU
                ",79582,$207.45,2014,Brilliant Unc,None,5 Onzas,Mo - Mexico City,5 troy oz,0.999,5.4 mm,65 mm,https://apmex.exceda.com/images/Catalog Images/Products/79582_Obv.jpg?v=20150313112928&width=450&height=450,https://apmex.exceda.com/images/Catalog Images/Products/79582_Rev.jpg?v=20150313112928&width=450&height=450,,1
"
                    1999 Mexico 2 oz Silver Libertad BU
                ",15798,,1999,Brilliant Unc,None,2 Onzas,Mo - Mexico City,2 troy oz,0.999,4.5 mm,48 mm,https://apmex.exceda.com/images/Catalog Images/Products/15798_Obv.jpg?v=20130602094622&width=450&height=450,https://apmex.exceda.com/images/Catalog Images/Products/15798_Rev.jpg?v=20130602094622&width=450&height=450,,0
"
                    1996 Mexico 5 oz Silver Libertad BU
                ",15297,,1996,Brilliant Unc,None,5 Onzas,Mo - Mexico City,5 troy oz,0.999,5.4 mm,65 mm,https://apmex.exceda.com/images/Catalog Images/Products/15297_Obv.jpg?v=20130602094622&width=450&height=450,https://apmex.exceda.com/images/Catalog Images/Products/15297_Rev.jpg?v=20130602094622&width=450&height=450,,0
"
                    1997 Mexico 2 oz Silver Libertad BU
                ",15797,,1997,Brilliant Unc,None,2 Onzas,Mo - Mexico City,2 troy oz,0.999,4.5 mm,48 mm,https://apmex.exceda.com/images/Catalog Images/Products/15797_Obv.jpg?v=20130602094622&width=450&height=450,https://apmex.exceda.com/images/Catalog Images/Products/15797_Rev.jpg?v=20130602094622&width=450&height=450,,0
"
                    2002 Mexico 2 oz Silver Libertad BU
                ",14429,,2002,Brilliant Unc,None,2 Onzas,Mo - Mexico City,2 troy oz,0.999,4.5 mm,48 mm,https://apmex.exceda.com/images/Catalog Images/Products/14429_Obv.jpg?v=20130602094622&width=450&height=450,https://apmex.exceda.com/images/Catalog Images/Products/14429_Rev.jpg?v=20130602094622&width=450&height=450,,0
"
                    2000 Mexico 1 oz Silver Libertad BU
                ",7076,$85.49,2000,Brilliant Unc,None,1 Onza,Mo - Mexico City,1 troy oz,0.999,3 mm,40 mm,https://apmex.exceda.com/images/Catalog Images/Products/7076_Obv.jpg?v=20130602094622&width=450&height=450,https://apmex.exceda.com/images/Catalog Images/Products/7076_Rev.jpg?v=20130602094622&width=450&height=450,,1
"
                    2001 Mexico 5 oz Silver Libertad BU
                ",15799,,2001,Brilliant Unc,None,5 Onzas,Mo - Mexico City,5 troy oz,0.999,5.4 mm,65 mm,https://apmex.exceda.com/images/Catalog Images/Products/15799_Obv.jpg?v=20160531034715&width=450&height=450,https://apmex.exceda.com/images/Catalog Images/Products/15799_Rev.jpg?v=20160531034715&width=450&height=450,,0
"
                    2002 Mexico 5 oz Silver Libertad BU
                ",14430,,2002,Brilliant Unc,None,5 Onzas,Mo - Mexico City,5 troy oz,0.999,5.4 mm,65 mm,https://apmex.exceda.com/images/Catalog Images/Products/14430_Obv.jpg?v=20130602094622&width=450&height=450,https://apmex.exceda.com/images/Catalog Images/Products/14430_Rev.jpg?v=20130602094622&width=450&height=450,,0
"
                    2003 Mexico 5 oz Silver Libertad BU
                ",13453,$327.45,2003,Brilliant Unc,None,5 Onzas,Mo - Mexico City,5 troy oz,0.999,5.4 mm,65 mm,https://apmex.exceda.com/images/Catalog Images/Products/13453_Obv.jpg?v=20160908112927&width=450&height=450,https://apmex.exceda.com/images/Catalog Images/Products/13453_Rev.jpg?v=20160908112927&width=450&height=450,,1
"
                    1998 Mexico 5 oz Silver Libertad BU
                ",13451,,1998,Brilliant Unc,None,5 Onzas,Mo - Mexico City,5 troy oz,0.999,5.4 mm,65 mm,https://apmex.exceda.com/images/Catalog Images/Products/13451_Obv.jpg?v=20130602094622&width=450&height=450,https://apmex.exceda.com/images/Catalog Images/Products/13451_Rev.jpg?v=20130602094622&width=450&height=450,,0
"
                    2004 Mexico 5 oz Silver Libertad BU
                ",13648,,2004,Brilliant Unc,None,5 Onzas,Mo - Mexico City,5 troy oz,0.999,5.4 mm,65 mm,https://apmex.exceda.com/images/Catalog Images/Products/13648_Obv.jpg?v=20130602094622&width=450&height=450,https://apmex.exceda.com/images/Catalog Images/Products/13648_Rev.jpg?v=20130602094622&width=450&height=450,,0
"
                    2000 Mexico 5 oz Silver Libertad BU
                ",14428,,2000,Brilliant Unc,None,5 Onzas,Mo - Mexico City,5 troy oz,0.999,5.4 mm,65 mm,https://apmex.exceda.com/images/Catalog Images/Products/14428_Obv.jpg?v=20130602094622&width=450&height=450,https://apmex.exceda.com/images/Catalog Images/Products/14428_Rev.jpg?v=20130602094622&width=450&height=450,,0
"
                    2005 Mexico 5 oz Silver Libertad BU
                ",13454,,2005,Brilliant Unc,None,5 Onzas,Mo - Mexico City,5 troy oz,0.999,5.4 mm,65 mm,https://apmex.exceda.com/images/Catalog Images/Products/13454_Obv.jpg?v=20130602094622&width=450&height=450,https://apmex.exceda.com/images/Catalog Images/Products/13454_Rev.jpg?v=20130602094622&width=450&height=450,,0
"
                    1999 Mexico 5 oz Silver Libertad BU
                ",13452,,1999,Brilliant Unc,None,5 Onzas,Mo - Mexico City,5 troy oz,0.999,5.4 mm,65 mm,https://apmex.exceda.com/images/Catalog Images/Products/13452_Obv.jpg?v=20130602094622&width=450&height=450,https://apmex.exceda.com/images/Catalog Images/Products/13452_Rev.jpg?v=20130602094622&width=450&height=450,,0
"
                    2006 Mexico 5 oz Silver Libertad BU
                ",13449,,2006,Brilliant Unc,None,5 Onzas,Mo - Mexico City,5 troy oz,0.999,5.4 mm,65 mm,https://apmex.exceda.com/images/Catalog Images/Products/13449_Obv.jpg?v=20130602094622&width=450&height=450,https://apmex.exceda.com/images/Catalog Images/Products/13449_Rev.jpg?v=20130602094622&width=450&height=450,,0
"
                    1997 Mexico 5 oz Silver Libertad BU
                ",13450,$367.45,1997,Brilliant Unc,None,5 Onzas,Mo - Mexico City,5 troy oz,0.999,5.4 mm,65 mm,https://apmex.exceda.com/images/Catalog Images/Products/13450_Obv.jpg?v=20130602094622&width=450&height=450,https://apmex.exceda.com/images/Catalog Images/Products/13450_Rev.jpg?v=20130602094622&width=450&height=450,,1
"
                    2014 Mexico 2 oz Silver Libertad BU
                ",79584,,2014,Brilliant Unc,None,2 Onzas,Mo - Mexico City,2 troy oz,0.999,4.5 mm,48 mm,https://apmex.exceda.com/images/Catalog Images/Products/79584_Obv.jpg?v=20140806092424&width=450&height=450,https://apmex.exceda.com/images/Catalog Images/Products/79584_Rev.jpg?v=20140806092424&width=450&height=450,,0
"
                    2002 Mexico 1/2 oz Silver Libertad BU
                ",60703,,2002,Brilliant Unc,None,1/2 Onza,Mo - Mexico City,0.5 troy oz,0.999,2.6 mm,33 mm,https://apmex.exceda.com/images/Catalog Images/Products/60703_Obv.jpg?v=20140806031958&width=450&height=450,https://apmex.exceda.com/images/Catalog Images/Products/60703_Rev.jpg?v=20140806031958&width=450&height=450,,0
"
                    Mexico 1 oz Silver Libertad Reverse Proof (Random Year)
                ",154488,,Random Year,Proof,None,1 Onza,Mo - Mexico City,1 troy oz,0.999,3 mm,40 mm,https://apmex.exceda.com/images/Catalog Images/Products/154488_Obv.jpg?v=20170921103842&width=450&height=450,https://apmex.exceda.com/images/Catalog Images/Products/154488_Rev.jpg?v=20170921103842&width=450&height=450,,0
"
                    2017 Mexico 1/4 oz Silver Libertad BU
                ",150001,,2017,Brilliant Unc,None,1/4 Onza,Mo - Mexico City,0.25 troy oz,0.999,1.7 mm,27 mm,https://apmex.exceda.com/images/Catalog Images/Products/150001_Obv.jpg?v=20170403095735&width=450&height=450,https://apmex.exceda.com/images/Catalog Images/Products/150001_Rev.jpg?v=20170403095735&width=450&height=450,,0
"
                    2017 Mexico 1/10 oz Silver Libertad BU
                ",150000,,2017,Brilliant Unc,None,1/10 Onza,Mo - Mexico City,0.1 troy oz,0.999,1.4 mm,20 mm,https://apmex.exceda.com/images/Catalog Images/Products/150000_Obv.jpg?v=20170403095723&width=450&height=450,https://apmex.exceda.com/images/Catalog Images/Products/150000_Rev.jpg?v=20170403095723&width=450&height=450,,0
"
                    2016 Mexico 1 oz Silver Libertad Proof (Spotted)
                ",154486,,2016,Proof,None,1 Onza,Mo - Mexico City,1 troy oz,0.999,3 mm,40 mm,,,,0
"
                    2016 Mexico 2 oz Silver Libertad BU
                ",96167,$70.97,2016,Brilliant Unc,None,2 Onzas,Mo - Mexico City,2 troy oz,0.999,4.5 mm,48 mm,https://apmex.exceda.com/images/Catalog Images/Products/96167_Obv.jpg?v=20160412111218&width=450&height=450,https://apmex.exceda.com/images/Catalog Images/Products/96167_Rev.jpg?v=20160412111218&width=450&height=450,,1
"
                    2016 Mexico 5 oz Silver Libertad BU
                ",96168,$157.45,2016,Brilliant Unc,None,5 Onzas,Mo - Mexico City,5 troy oz,0.999,5.4 mm,65 mm,https://apmex.exceda.com/images/Catalog Images/Products/96168_Obv.jpg?v=20161102030109&width=450&height=450,https://apmex.exceda.com/images/Catalog Images/Products/96168_Rev.jpg?v=20161102030109&width=450&height=450,,1
"
                    2016 Mexico 1/4 oz Silver Libertad BU
                ",96164,,2016,Brilliant Unc,None,1/4 Onza,Mo - Mexico City,0.25 troy oz,0.999,1.7 mm,27 mm,https://apmex.exceda.com/images/Catalog Images/Products/96164_Obv.jpg?v=20160412101142&width=450&height=450,https://apmex.exceda.com/images/Catalog Images/Products/96164_Rev.jpg?v=20160412101142&width=450&height=450,,0
"
                    2016 Mexico 5 oz Silver Libertad Proof (In Capsule)
                ",101670,$197.45,2016,Proof,None,5 Onzas,Mo - Mexico City,5 troy oz,0.999,5.4 mm,65 mm,https://apmex.exceda.com/images/Catalog Images/Products/101670_Slab.jpg?v=20160620094843&width=450&height=450,https://apmex.exceda.com/images/Catalog Images/Products/101670_Obv.jpg?v=20160620094843&width=450&height=450,https://apmex.exceda.com/images/Catalog Images/Products/101670_Rev.jpg?v=20160620094843&width=450&height=450,1
"
                    2015 Mexico 1/2 oz Silver Libertad Proof (In Capsule)
                ",92552,,2015,Proof,None,1/2 Onza,Mo - Mexico City,0.5 troy oz,0.999,2.6 mm,33 mm,https://apmex.exceda.com/images/Catalog Images/Products/92552_Obv.jpg?v=20150819114753&width=450&height=450,https://apmex.exceda.com/images/Catalog Images/Products/92552_Rev.jpg?v=20150819114753&width=450&height=450,,0
"
                    2016 Mexico 1 oz Silver Libertad (MintDirect® Premier Single)
                ",92660,,2016,Brilliant Unc,MintDirect,1 Onza,Mo - Mexico City,1 troy oz,0.999,3 mm,40 mm,"https://apmex.exceda.com/images/Catalog Images/Products/92660_Slab.jpg?v=20160727043723&width=450&height=450,https://apmex.exceda.com/images/Catalog Images/Products/92660_B.jpg?v=20160727043723&width=450&height=450","https://apmex.exceda.com/images/Catalog Images/Products/92660_Obv.jpg?v=20160727043723&width=450&height=450,https://apmex.exceda.com/images/Catalog Images/Products/92660_C.jpg?v=20160727043723&width=450&height=450","https://apmex.exceda.com/images/Catalog Images/Products/92660_Rev.jpg?v=20160727043723&width=450&height=450,https://apmex.exceda.com/images/Catalog Images/Products/92660_D.jpg?v=20160727043723&width=450&height=450",0
"
                    2017 Mexico 1/20 oz Silver Libertad Proof (In Capsule)
                ",103067,$10.76,2017,Proof,None,1/20 Onza,Mo - Mexico City,0.05 troy oz,0.999,1 mm,16 mm,https://apmex.exceda.com/images/Catalog Images/Products/103067_Slab.jpg?v=20170425035718&width=450&height=450,https://apmex.exceda.com/images/Catalog Images/Products/103067_Obv.jpg?v=20170425035718&width=450&height=450,https://apmex.exceda.com/images/Catalog Images/Products/103067_Rev.jpg?v=20170425035718&width=450&height=450,1
"
                    2003 Mexico 1 oz Silver Libertad BU
                ",10219,$80.48,2003,Brilliant Unc,None,1 Onza,Mo - Mexico City,1 troy oz,0.999,3 mm,40 mm,https://apmex.exceda.com/images/Catalog Images/Products/10219_Obv.jpg?v=20130602094622&width=450&height=450,https://apmex.exceda.com/images/Catalog Images/Products/10219_Rev.jpg?v=20130602094622&width=450&height=450,,1
,103069,"
                            ,
                            ,
                        ",2017,Proof,None,1/4 Onza,Mo - Mexico City,0.25 troy oz,0.999,1.7 mm,27 mm,https://apmex.exceda.com/images/Catalog Images/Products/103069_Slab.jpg?v=20170425033226&width=450&height=450,https://apmex.exceda.com/images/Catalog Images/Products/103069_Obv.jpg?v=20170425033226&width=450&height=450,https://apmex.exceda.com/images/Catalog Images/Products/103069_Rev.jpg?v=20170425033226&width=450&height=450,1
"
                    1998 Mexico 1 oz Silver Libertad BU
                ",10215,,1998,Brilliant Unc,None,1 Onza,Mo - Mexico City,1 troy oz,0.999,3 mm,40 mm,https://apmex.exceda.com/images/Catalog Images/Products/10215_Obv.jpg?v=20151223085547&width=450&height=450,https://apmex.exceda.com/images/Catalog Images/Products/10215_Rev.jpg?v=20151223085547&width=450&height=450,,0
"
                    1990 Mexico 1 oz Silver Libertad Proof (In Capsule)
                ",59704,,1990,Proof,None,1 Onza,Mo - Mexico City,1 troy oz,0.999,4 mm,36 mm,https://apmex.exceda.com/images/Catalog Images/Products/59704_Obv.jpg?v=20130602094622&width=450&height=450,https://apmex.exceda.com/images/Catalog Images/Products/59704_Rev.jpg?v=20130602094622&width=450&height=450,,0
"
                    2002 Mexico 1 oz Silver Libertad Proof (In Capsule)
                ",59622,,2002,Proof,None,1 Onza,Mo - Mexico City,1 troy oz,0.999,3 mm,40 mm,https://apmex.exceda.com/images/Catalog Images/Products/59622_Obv.jpg?v=20151231094433&width=450&height=450,https://apmex.exceda.com/images/Catalog Images/Products/59622_Rev.jpg?v=20151231094433&width=450&height=450,,0
"
                    1983 Mexico 1 oz Silver Libertad Proof (In Capsule)
                ",59632,,1983,Proof,None,1 Onza,Mo - Mexico City,1 troy oz,0.999,4 mm,36 mm,https://apmex.exceda.com/images/Catalog Images/Products/59632_Obv.jpg?v=20130602094622&width=450&height=450,https://apmex.exceda.com/images/Catalog Images/Products/59632_Rev.jpg?v=20130602094622&width=450&height=450,,0
"
                    2004 Mexico 1 oz Silver Libertad Proof (In Capsule)
                ",59273,,2004,Proof,None,1 Onza,Mo - Mexico City,1 troy oz,0.999,3 mm,36 mm,https://apmex.exceda.com/images/Catalog Images/Products/59273_Obv.jpg?v=20130602094622&width=450&height=450,https://apmex.exceda.com/images/Catalog Images/Products/59273_Rev.jpg?v=20130602094622&width=450&height=450,,0
"
                    1996 Mexico 1 oz Silver Libertad BU
                ",10211,,1996,Brilliant Unc,None,1 Onza,Mo - Mexico City,1 troy oz,0.999,3 mm,40 mm,https://apmex.exceda.com/images/Catalog Images/Products/10211_Obv.jpg?v=20160108105418&width=450&height=450,https://apmex.exceda.com/images/Catalog Images/Products/10211_Rev.jpg?v=20160108105418&width=450&height=450,,0
"
                    1991 Mexico 1 oz Silver Libertad BU (Type 2)
                ",58872,$165.49,1991,Brilliant Unc,None,1 Onza,Mo - Mexico City,1 troy oz,0.999,4 mm,36 mm,https://apmex.exceda.com/images/Catalog Images/Products/58872_Obv.jpg?v=20140721052028&width=450&height=450,https://apmex.exceda.com/images/Catalog Images/Products/58872_Rev.jpg?v=20140721052028&width=450&height=450,,1
"
                    2003 Mexico 1 oz Silver Libertad Proof (In Capsule)
                ",59272,,2003,Proof,None,1 Onza,Mo - Mexico City,1 troy oz,0.999,3 mm,36 mm,https://apmex.exceda.com/images/Catalog Images/Products/59272_Slab.jpg?v=20160202090542&width=450&height=450,https://apmex.exceda.com/images/Catalog Images/Products/59272_Obv.jpg?v=20160202090542&width=450&height=450,https://apmex.exceda.com/images/Catalog Images/Products/59272_Rev.jpg?v=20160202090542&width=450&height=450,0
"
                    1989 Mexico 1 oz Silver Libertad Proof (In Capsule)
                ",59208,,1989,Proof,None,1 Onza,Mo - Mexico City,1 troy oz,0.999,4 mm,36 mm,https://apmex.exceda.com/images/Catalog Images/Products/59208_Slab.jpg?v=20161212083705&width=450&height=450,https://apmex.exceda.com/images/Catalog Images/Products/59208_Obv.jpg?v=20161212083705&width=450&height=450,https://apmex.exceda.com/images/Catalog Images/Products/59208_Rev.jpg?v=20161212083705&width=450&height=450,0
"
                    2010 Mexico 5 oz Silver Libertad BU
                ",57113,,2010,Brilliant Unc,None,5 Onzas,Mo - Mexico City,5 troy oz,0.999,5.4 mm,65 mm,https://apmex.exceda.com/images/Catalog Images/Products/57113_Obv.jpg?v=20150721022852&width=450&height=450,https://apmex.exceda.com/images/Catalog Images/Products/57113_Rev.jpg?v=20150721022852&width=450&height=450,,0
"
                    2010 Mexico 2 oz Silver Libertad BU
                ",57111,,2010,Brilliant Unc,None,2 Onzas,Mo - Mexico City,2 troy oz,0.999,4.5 mm,48 mm,https://apmex.exceda.com/images/Catalog Images/Products/57111_Obv.jpg?v=20130602094622&width=450&height=450,https://apmex.exceda.com/images/Catalog Images/Products/57111_Rev.jpg?v=20130602094622&width=450&height=450,,0
"
                    Mexico 1/10 oz Silver Libertad Proof (Random Year)
                ",63834,,Random,Proof,None,1/10 Onza,Mo - Mexico City,0.1 troy oz,0.999,1.4 mm,20 mm,https://apmex.exceda.com/images/Catalog Images/Products/63834_Obv.jpg?v=20130602094622&width=450&height=450,https://apmex.exceda.com/images/Catalog Images/Products/63834_Rev.jpg?v=20130602094622&width=450&height=450,,0
"
                    2010 Mexico 2 oz Silver Libertad Proof (In Capsule)
                ",57112,,2010,Proof,None,2 Onzas,Mo - Mexico City,2 troy oz,0.999,4.5 mm,48 mm,https://apmex.exceda.com/images/Catalog Images/Products/57112_Obv.jpg?v=20130602094622&width=450&height=450,https://apmex.exceda.com/images/Catalog Images/Products/57112_Rev.jpg?v=20130602094622&width=450&height=450,,0
"
                    2010 Mexico 1 oz Silver Libertad Proof (In Capsule)
                ",57110,,2010,Proof,None,1 Onza,Mo - Mexico City,1 troy oz,0.999,3 mm,40 mm,https://apmex.exceda.com/images/Catalog Images/Products/57110_Obv.jpg?v=20150716045831&width=450&height=450,https://apmex.exceda.com/images/Catalog Images/Products/57110_Rev.jpg?v=20150716045831&width=450&height=450,,0
"
                    2007 Mexico 1 oz Silver Libertad Proof (In Capsule)
                ",60621,,2007,Proof,None,1 Onza,Mo - Mexico City,1 troy oz,0.999,3 mm,40 mm,,,,0
"
                    1996 Mexico 1 oz Silver Libertad Proof (In Capsule)
                ",63199,,1996,Proof,None,1 Onza,Mo - Mexico City,1 troy oz,0.999,3 mm,40 mm,https://apmex.exceda.com/images/Catalog Images/Products/63199_Obv.jpg?v=20141002041913&width=450&height=450,https://apmex.exceda.com/images/Catalog Images/Products/63199_Rev.jpg?v=20141002041913&width=450&height=450,,0
"
                    2011 Mexico 5 oz Silver Libertad BU
                ",60598,$207.45,2011,Brilliant Unc,None,5 Onzas,Mo - Mexico City,5 troy oz,0.999,5.4 mm,65 mm,https://apmex.exceda.com/images/Catalog Images/Products/60598_Obv.jpg?v=20150511091542&width=450&height=450,https://apmex.exceda.com/images/Catalog Images/Products/60598_Rev.jpg?v=20150511091542&width=450&height=450,,1
"
                    2001 Mexico 1 oz Silver Libertad Proof (In Capsule)
                ",61407,,2001,Proof,None,1 Onza,Mo - Mexico City,1 troy oz,0.999,3 mm,40 mm,,,,0
"
                    2011 Mexico 2 oz Silver Libertad BU
                ",60596,,2011,Brilliant Unc,None,2 Onzas,Mo - Mexico City,2 troy oz,0.999,4.5 mm,48 mm,https://apmex.exceda.com/images/Catalog Images/Products/60596_Obv.jpg?v=20150511091523&width=450&height=450,https://apmex.exceda.com/images/Catalog Images/Products/60596_Rev.jpg?v=20150511091523&width=450&height=450,,0
"
                    2011 Mexican 5 oz Silver Libertad Proof (In Capsule)
                ",60599,$267.45,2011,Proof,None,5 Onzas,Mo - Mexico City,5 troy oz,0.999,5.4 mm,65 mm,https://apmex.exceda.com/images/Catalog Images/Products/60599_Obv.jpg?v=20130602094622&width=450&height=450,https://apmex.exceda.com/images/Catalog Images/Products/60599_Rev.jpg?v=20130602094622&width=450&height=450,,1
"
                    2011 Mexico 2 oz Silver Libertad Proof (In Capsule)
                ",60597,,2011,Proof,None,2 Onzas,Mo - Mexico City,2 troy oz,0.999,4.5 mm,48 mm,https://apmex.exceda.com/images/Catalog Images/Products/60597_Obv.jpg?v=20130602094622&width=450&height=450,https://apmex.exceda.com/images/Catalog Images/Products/60597_Rev.jpg?v=20130602094622&width=450&height=450,,0
"
                    Mexico 1 oz Silver Libertad Proof (Random Year, In Capsule)
                ",65354,,Random,Proof,None,1 Onza,Mo - Mexico City,1 troy oz,0.999,3 mm,Varies mm,https://apmex.exceda.com/images/Catalog Images/Products/65354_Obv.jpg?v=20130602094622&width=450&height=450,https://apmex.exceda.com/images/Catalog Images/Products/65354_Rev.jpg?v=20130602094622&width=450&height=450,,0
"
                    2008 Mexico 1 oz Silver Libertad Proof (In Capsule)
                ",60178,,2008,Proof,None,1 Onza,Mo - Mexico City,1 troy oz,0.999,3 mm,40 mm,https://apmex.exceda.com/images/Catalog Images/Products/60178_Obv.jpg?v=20130602094622&width=450&height=450,https://apmex.exceda.com/images/Catalog Images/Products/60178_Rev.jpg?v=20130602094622&width=450&height=450,,0
"
                    1991 Mexico 1 oz Silver Libertad Proof (In Capsule)
                ",60530,,1991,Proof,None,1 Onza,Mo - Mexico City,1 troy oz,0.999,4 mm,36 mm,https://apmex.exceda.com/images/Catalog Images/Products/60530_Obv.jpg?v=20151223093146&width=450&height=450,https://apmex.exceda.com/images/Catalog Images/Products/60530_Rev.jpg?v=20151223093146&width=450&height=450,,0
"
                    1994 Mexico 1 oz Silver Libertad Proof (In Capsule)
                ",60245,,1994,Proof,None,1 Onza,Mo - Mexico City,1 troy oz,0.999,4 mm,36 mm,https://apmex.exceda.com/images/Catalog Images/Products/60245_Slab.jpg?v=20170628123311&width=450&height=450,https://apmex.exceda.com/images/Catalog Images/Products/60245_Obv.jpg?v=20170628123311&width=450&height=450,https://apmex.exceda.com/images/Catalog Images/Products/60245_Rev.jpg?v=20170628123311&width=450&height=450,0
"
                    2011 Mexico 1/20 oz Silver Libertad Proof (In Capsule)
                ",64564,$22.99,2011,Proof,None,1/20 Onza,Mo - Mexico City,0.05 troy oz,0.999,1 mm,16 mm,https://apmex.exceda.com/images/Catalog Images/Products/64564_Obv.jpg?v=20130602094622&width=450&height=450,https://apmex.exceda.com/images/Catalog Images/Products/64564_Rev.jpg?v=20130602094622&width=450&height=450,,1
"
                    2003 Mexican 5 oz Silver Libertad Proof (In Capsule)
                ",60186,,2003,Proof,None,5 Onzas,Mo - Mexico City,5 troy oz,0.999,5.4 mm,65 mm,https://apmex.exceda.com/images/Catalog Images/Products/60186_Slab.jpg?v=20180228015139&width=450&height=450,https://apmex.exceda.com/images/Catalog Images/Products/60186_Obv.jpg?v=20180228015139&width=450&height=450,https://apmex.exceda.com/images/Catalog Images/Products/60186_Rev.jpg?v=20180228015139&width=450&height=450,0
"
                    1986 Mexico 1 oz Silver Libertad Proof (In Capsule)
                ",65512,,1986,Proof,None,1 Onza,Mo - Mexico City,1 troy oz,0.999,4 mm,36 mm,https://apmex.exceda.com/images/Catalog Images/Products/65512_Slab.jpg?v=20160602124720&width=450&height=450,https://apmex.exceda.com/images/Catalog Images/Products/65512_Obv.jpg?v=20160602124720&width=450&height=450,https://apmex.exceda.com/images/Catalog Images/Products/65512_Rev.jpg?v=20160602124720&width=450&height=450,0
"
                    1993 Mexico 1 oz Silver Libertad Proof (In Capsule)
                ",63915,,1993,Proof,None,1 Onza,Mo - Mexico City,1 troy oz,0.999,4 mm,36 mm,https://apmex.exceda.com/images/Catalog Images/Products/63915_Obv.jpg?v=20180129034622&width=450&height=450,https://apmex.exceda.com/images/Catalog Images/Products/63915_Rev.jpg?v=20180129034622&width=450&height=450,,0
"
                    1992 Mexico 1 oz Silver Libertad Proof (In Capsule)
                ",63916,,1992,Proof,None,1 Onza,Mo - Mexico City,1 troy oz,0.999,4 mm,36 mm,https://apmex.exceda.com/images/Catalog Images/Products/63916_Slab.jpg?v=20160921121352&width=450&height=450,https://apmex.exceda.com/images/Catalog Images/Products/63916_Obv.jpg?v=20160921121352&width=450&height=450,,0
"
                    1995 Mexico 1 oz Silver Libertad Proof (In Capsule)
                ",63914,,1995,Proof,None,1 Onza,Mo - Mexico City,1 troy oz,0.999,4 mm,36 mm,https://apmex.exceda.com/images/Catalog Images/Products/63914_Obv.jpg?v=20141110122550&width=450&height=450,https://apmex.exceda.com/images/Catalog Images/Products/63914_Rev.jpg?v=20141110122550&width=450&height=450,,0
"
                    2011 Mexico 1/10 oz Silver Libertad Proof (In Capsule)
                ",64562,$22.99,2011,Proof,None,1/10 Onza,Mo - Mexico City,0.1 troy oz,0.999,1.4 mm,20 mm,https://apmex.exceda.com/images/Catalog Images/Products/64562_Obv.jpg?v=20130602094622&width=450&height=450,https://apmex.exceda.com/images/Catalog Images/Products/64562_Rev.jpg?v=20130602094622&width=450&height=450,,1
"
                    1997 Mexico 1 oz Silver Libertad Proof (In Capsule)
                ",63913,,1997,Proof,None,1 Onza,Mo - Mexico City,1 troy oz,0.999,3 mm,40 mm,https://apmex.exceda.com/images/Catalog Images/Products/63913_Slab.jpg?v=20170628123538&width=450&height=450,https://apmex.exceda.com/images/Catalog Images/Products/63913_Obv.jpg?v=20170628123538&width=450&height=450,https://apmex.exceda.com/images/Catalog Images/Products/63913_Rev.jpg?v=20170628123538&width=450&height=450,0
"
                    1998 Mexico 1 oz Silver Libertad Proof (In Capsule)
                ",63912,,1998,Proof,None,1 Onza,Mo - Mexico City,1 troy oz,0.999,3 mm,40 mm,,,,0
"
                    1988 Mexico 1 oz Silver Libertad Proof (In Capsule)
                ",63918,,1988,Proof,None,1 Onza,Mo - Mexico City,1 troy oz,0.999,4 mm,36 mm,,,,0
"
                    1999 Mexico 1 oz Silver Libertad Proof (In Capsule)
                ",63911,,1999,Proof,None,1 Onza,Mo - Mexico City,1 troy oz,0.999,3 mm,40 mm,https://apmex.exceda.com/images/Catalog Images/Products/63911_Obv.jpg?v=20171215031245&width=450&height=450,https://apmex.exceda.com/images/Catalog Images/Products/63911_Rev.jpg?v=20171215031245&width=450&height=450,,0
"
                    2000 Mexico 1 oz Silver Libertad Proof (In Capsule)
                ",63910,,2000,Proof,None,1 Onza,Mo - Mexico City,1 troy oz,0.999,3 mm,40 mm,,,,0
"
                    2013 Mexican 5 oz Silver Libertad Proof (In Capsule)
                ",76030,,2013,Proof,None,5 Onzas,Mo - Mexico City,5 troy oz,0.999,5.4 mm,65 mm,https://apmex.exceda.com/images/Catalog Images/Products/76030_Obv.jpg?v=20130602094622&width=450&height=450,https://apmex.exceda.com/images/Catalog Images/Products/76030_Rev.jpg?v=20130602094622&width=450&height=450,,0
"
                    2013 Mexico 1 oz Silver Libertad Proof (In Capsule)
                ",75707,,2013,Proof,None,1 Onza,Mo - Mexico City,1 troy oz,0.999,3 mm,40 mm,https://apmex.exceda.com/images/Catalog Images/Products/75707_Obv.jpg?v=20130602094622&width=450&height=450,https://apmex.exceda.com/images/Catalog Images/Products/75707_Rev.jpg?v=20130602094622&width=450&height=450,,0
"
                    2005 Mexican 5 oz Silver Libertad Proof (In Capsule)
                ",85182,,2005,Proof,None,5 Onzas,Mo - Mexico City,5 troy oz,0.999,5.4 mm,65 mm,https://apmex.exceda.com/images/Catalog Images/Products/85182_Obv.jpg?v=20170629094056&width=450&height=450,https://apmex.exceda.com/images/Catalog Images/Products/85182_Rev.jpg?v=20170629094056&width=450&height=450,,0
"
                    2013 Mexico 2 oz Silver Libertad BU
                ",74261,$70.96,2013,Brilliant Unc,None,2 Onzas,Mo - Mexico City,2 troy oz,0.999,4.5 mm,48 mm,https://apmex.exceda.com/images/Catalog Images/Products/74261_Obv.jpg?v=20130602094622&width=450&height=450,https://apmex.exceda.com/images/Catalog Images/Products/74261_Rev.jpg?v=20130602094622&width=450&height=450,,1
"
                    2005 Mexico 1 oz Silver Libertad Proof (In Capsule)
                ",63909,,2005,Proof,None,1 Onza,Mo - Mexico City,1 troy oz,0.999,3 mm,40 mm,https://apmex.exceda.com/images/Catalog Images/Products/63909_Slab.jpg?v=20160202090609&width=450&height=450,https://apmex.exceda.com/images/Catalog Images/Products/63909_Obv.jpg?v=20160202090609&width=450&height=450,https://apmex.exceda.com/images/Catalog Images/Products/63909_Rev.jpg?v=20160202090609&width=450&height=450,0
"
                    2006 Mexico 1 oz Silver Libertad Proof (In Capsule)
                ",63908,,2006,Proof,None,1 Onza,Mo - Mexico City,1 troy oz,0.999,3 mm,40 mm,https://apmex.exceda.com/images/Catalog Images/Products/63908_Slab.jpg?v=20160202090559&width=450&height=450,https://apmex.exceda.com/images/Catalog Images/Products/63908_Obv.jpg?v=20160202090559&width=450&height=450,https://apmex.exceda.com/images/Catalog Images/Products/63908_Rev.jpg?v=20160202090559&width=450&height=450,0
,83740,"
                            ,
                            ,
                        ",2002,Brilliant Unc,None,1/20 Onza,Mo - Mexico City,0.1 troy oz,0.999,1.4 mm,20 mm,https://apmex.exceda.com/images/Catalog Images/Products/83740_Obv.jpg?v=20141002041925&width=450&height=450,https://apmex.exceda.com/images/Catalog Images/Products/83740_Rev.jpg?v=20141002041925&width=450&height=450,,1
"
                    2013 Mexico 5 oz Silver Libertad BU
                ",74262,$167.40,2013,Brilliant Unc,None,5 Onzas,Mo - Mexico City,5 troy oz,0.999,5.4 mm,65 mm,https://apmex.exceda.com/images/Catalog Images/Products/74262_Slab.jpg?v=20160916095802&width=450&height=450,https://apmex.exceda.com/images/Catalog Images/Products/74262_Obv.jpg?v=20160916095802&width=450&height=450,https://apmex.exceda.com/images/Catalog Images/Products/74262_Rev.jpg?v=20160916095802&width=450&height=450,1
"
                    2001 Mexico 1/20 oz Silver Libertad BU
                ",83258,,2001,Brilliant Unc,None,1/20 Onza,Mo - Mexico City,0.05 troy oz,0.999,1 mm,16 mm,https://apmex.exceda.com/images/Catalog Images/Products/83258_Obv.jpg?v=20140521041056&width=450&height=450,https://apmex.exceda.com/images/Catalog Images/Products/83258_Rev.jpg?v=20140521041056&width=450&height=450,,0
"
                    2012 Mexico 1 oz Silver Libertad Proof (In Capsule)
                ",70000,,2012,Proof,None,1 Onza,Mo - Mexico City,1 troy oz,0.999,3 mm,40 mm,https://apmex.exceda.com/images/Catalog Images/Products/70000_Slab.jpg?v=20170628011055&width=450&height=450,https://apmex.exceda.com/images/Catalog Images/Products/70000_Obv.jpg?v=20170628011055&width=450&height=450,https://apmex.exceda.com/images/Catalog Images/Products/70000_Rev.jpg?v=20170628011055&width=450&height=450,0
"
                    2012 Mexico 5 oz Silver Libertad BU
                ",69513,,2012,Brilliant Unc,None,5 Onzas,Mo - Mexico City,5 troy oz,0.999,5.4 mm,65 mm,https://apmex.exceda.com/images/Catalog Images/Products/69513_Obv.jpg?v=20130602094622&width=450&height=450,https://apmex.exceda.com/images/Catalog Images/Products/69513_Rev.jpg?v=20130602094622&width=450&height=450,,0
"
                    2012 Mexico 2 oz Silver Libertad BU
                ",69514,,2012,Brilliant Unc,None,2 Onzas,Mo - Mexico City,2 troy oz,0.999,4.5 mm,48 mm,https://apmex.exceda.com/images/Catalog Images/Products/69514_Obv.jpg?v=20130602094622&width=450&height=450,https://apmex.exceda.com/images/Catalog Images/Products/69514_Rev.jpg?v=20130602094622&width=450&height=450,,0
"
                    2015 Mexico 5 oz Silver Libertad Proof (In Capsule)
                ",87952,,2015,Proof,None,5 Onzas,Mo - Mexico City,5 troy oz,0.999,5.4 mm,65 mm,https://apmex.exceda.com/images/Catalog Images/Products/87952_Obv.jpg?v=20150923050904&width=450&height=450,https://apmex.exceda.com/images/Catalog Images/Products/87952_Rev.jpg?v=20150923050904&width=450&height=450,,0
"
                    2015 Mexico 2 oz Silver Libertad Proof (In Capsule)
                ",87953,,2015,Proof,None,2 Onzas,Mo - Mexico City,2 troy oz,0.999,4.5 mm,48 mm,https://apmex.exceda.com/images/Catalog Images/Products/87953_Obv.jpg?v=20150923050910&width=450&height=450,https://apmex.exceda.com/images/Catalog Images/Products/87953_Rev.jpg?v=20150923050910&width=450&height=450,,0
"
                    2015 Mexico 1/20 oz Silver Libertad BU
                ",87950,$8.76,2015,Brilliant Unc,None,1/20 Onza,Mo - Mexico City,0.05 troy oz,0.999,1 mm,16 mm,https://apmex.exceda.com/images/Catalog Images/Products/87950_Obv.jpg?v=20150313103824&width=450&height=450,https://apmex.exceda.com/images/Catalog Images/Products/87950_Rev.jpg?v=20150313103824&width=450&height=450,,1
"
                    2015 Mexico 1/4 oz Silver Libertad BU
                ",87947,,2015,Brilliant Unc,None,1/4 Onza,Mo - Mexico City,0.25 troy oz,0.999,1.7 mm,27 mm,https://apmex.exceda.com/images/Catalog Images/Products/87947_Obv.jpg?v=20150402114852&width=450&height=450,https://apmex.exceda.com/images/Catalog Images/Products/87947_Rev.jpg?v=20150402114852&width=450&height=450,,0
"
                    2015 Mexico 1/2 oz Silver Libertad BU
                ",87946,,2015,Brilliant Unc,None,1/2 Onza,Mo - Mexico City,0.5 troy oz,0.999,2.6 mm,33 mm,https://apmex.exceda.com/images/Catalog Images/Products/87946_Slab.jpg?v=20160412093903&width=450&height=450,https://apmex.exceda.com/images/Catalog Images/Products/87946_Obv.jpg?v=20160412093903&width=450&height=450,https://apmex.exceda.com/images/Catalog Images/Products/87946_Rev.jpg?v=20160412093903&width=450&height=450,0
"
                    2014 Mexico 1/4 oz Silver Libertad Proof (In Capsule)
                ",81093,,2014,Proof,None,1/4 Onza,Mo - Mexico City,0.25 troy oz,0.999,1.7 mm,27 mm,https://apmex.exceda.com/images/Catalog Images/Products/81093_Obv.jpg?v=20141027115422&width=450&height=450,https://apmex.exceda.com/images/Catalog Images/Products/81093_Rev.jpg?v=20141027115422&width=450&height=450,,0
"
                    2015 Mexico 5 oz Silver Libertad BU
                ",87940,$167.44,2015,Brilliant Unc,None,5 Onzas,Mo - Mexico City,5 troy oz,0.999,5.4 mm,65 mm,https://apmex.exceda.com/images/Catalog Images/Products/87940_Slab.jpg?v=20160405115233&width=450&height=450,https://apmex.exceda.com/images/Catalog Images/Products/87940_Obv.jpg?v=20160405115234&width=450&height=450,,1
"
                    2014 Mexico 1/2 oz Silver Libertad BU
                ",81092,,2014,Brilliant Unc,None,1/2 Onza,Mo - Mexico City,0.5 troy oz,0.999,2.6 mm,33 mm,https://apmex.exceda.com/images/Catalog Images/Products/81092_Obv.jpg?v=20141024100220&width=450&height=450,https://apmex.exceda.com/images/Catalog Images/Products/81092_Rev.jpg?v=20141024100220&width=450&height=450,,0
"
                    2005 Mexico 2 oz Silver Libertad BU
                ",13447,,2005,Brilliant Unc,None,2 Onzas,Mo - Mexico City,2 troy oz,0.999,4.5 mm,48 mm,https://apmex.exceda.com/images/Catalog Images/Products/13447_Obv.jpg?v=20130602094622&width=450&height=450,https://apmex.exceda.com/images/Catalog Images/Products/13447_Rev.jpg?v=20130602094622&width=450&height=450,,0
"
                    2014 Mexico 1/4 oz Silver Libertad BU
                ",81094,,2014,Brilliant Unc,None,1/4 Onza,Mo - Mexico City,0.25 troy oz,0.999,1.7 mm,27 mm,https://apmex.exceda.com/images/Catalog Images/Products/81094_Obv.jpg?v=20150731043222&width=450&height=450,https://apmex.exceda.com/images/Catalog Images/Products/81094_Rev.jpg?v=20150731043222&width=450&height=450,,0
"
                    2004 Mexico 2 oz Silver Libertad BU
                ",13446,,2004,Brilliant Unc,None,2 Onzas,Mo - Mexico City,2 troy oz,0.999,4.5 mm,48 mm,https://apmex.exceda.com/images/Catalog Images/Products/13446_Obv.jpg?v=20130602094622&width=450&height=450,https://apmex.exceda.com/images/Catalog Images/Products/13446_Rev.jpg?v=20130602094622&width=450&height=450,,0
"
                    2006 Mexico 2 oz Silver Libertad BU
                ",13448,,2006,Brilliant Unc,None,2 Onzas,Mo - Mexico City,2 troy oz,0.999,4.5 mm,48 mm,https://apmex.exceda.com/images/Catalog Images/Products/13448_Obv.jpg?v=20130602094622&width=450&height=450,https://apmex.exceda.com/images/Catalog Images/Products/13448_Rev.jpg?v=20130602094622&width=450&height=450,,0
"
                    2001 Mexico 2 oz Silver Libertad BU
                ",13444,,2001,Brilliant Unc,None,2 Onzas,Mo - Mexico City,2 troy oz,0.999,4.5 mm,48 mm,https://apmex.exceda.com/images/Catalog Images/Products/13444_Obv.jpg?v=20130602094622&width=450&height=450,https://apmex.exceda.com/images/Catalog Images/Products/13444_Rev.jpg?v=20130602094622&width=450&height=450,,0
"
                    2000 Mexico 2 oz Silver Libertad BU
                ",13443,,2000,Brilliant Unc,None,2 Onzas,Mo - Mexico City,2 troy oz,0.999,4.5 mm,48 mm,https://apmex.exceda.com/images/Catalog Images/Products/13443_Obv.jpg?v=20130602094622&width=450&height=450,https://apmex.exceda.com/images/Catalog Images/Products/13443_Rev.jpg?v=20130602094622&width=450&height=450,,0
"
                    1998 Mexico 2 oz Silver Libertad BU
                ",13442,,1998,Brilliant Unc,None,2 Onzas,Mo - Mexico City,2 troy oz,0.999,4.5 mm,48 mm,https://apmex.exceda.com/images/Catalog Images/Products/13442_Obv.jpg?v=20130602094622&width=450&height=450,https://apmex.exceda.com/images/Catalog Images/Products/13442_Rev.jpg?v=20130602094622&width=450&height=450,,0
"
                    1996 Mexico 2 oz Silver Libertad BU
                ",13441,,1996,Brilliant Unc,None,2 Onzas,Mo - Mexico City,2 troy oz,0.999,4.5 mm,48 mm,https://apmex.exceda.com/images/Catalog Images/Products/13441_Obv.jpg?v=20130602094622&width=450&height=450,https://apmex.exceda.com/images/Catalog Images/Products/13441_Rev.jpg?v=20130602094622&width=450&height=450,,0
"
                    2003 Mexico 2 oz Silver Libertad BU
                ",13445,,2003,Brilliant Unc,None,2 Onzas,Mo - Mexico City,2 troy oz,0.999,4.5 mm,48 mm,https://apmex.exceda.com/images/Catalog Images/Products/13445_Obv.jpg?v=20130602094622&width=450&height=450,https://apmex.exceda.com/images/Catalog Images/Products/13445_Rev.jpg?v=20130602094622&width=450&height=450,,0
"
                    2006 Mexico 1 oz Silver Libertad BU
                ",13440,$130.49,2006,Brilliant Unc,None,1 Onza,Mo - Mexico City,1 troy oz,0.999,3 mm,40 mm,https://apmex.exceda.com/images/Catalog Images/Products/13440_Obv.jpg?v=20150716045720&width=450&height=450,https://apmex.exceda.com/images/Catalog Images/Products/13440_Rev.jpg?v=20150716045720&width=450&height=450,,1
"
                    2007 Mexico 5 oz Silver Libertad BU
                ",18534,,2007,Brilliant Unc,None,5 Onzas,Mo - Mexico City,5 troy oz,0.999,5.4 mm,65 mm,https://apmex.exceda.com/images/Catalog Images/Products/18534_Obv.jpg?v=20130602094622&width=450&height=450,https://apmex.exceda.com/images/Catalog Images/Products/18534_Rev.jpg?v=20130602094622&width=450&height=450,,0
"
                    2007 Mexico 2 oz Silver Libertad BU
                ",18533,,2007,Brilliant Unc,None,2 Onzas,Mo - Mexico City,2 troy oz,0.999,4.5 mm,48 mm,https://apmex.exceda.com/images/Catalog Images/Products/18533_Obv.jpg?v=20130602094622&width=450&height=450,https://apmex.exceda.com/images/Catalog Images/Products/18533_Rev.jpg?v=20130602094622&width=450&height=450,,0
"
                    2008 Mexico 2 oz Silver Libertad BU
                ",35935,,2008,Brilliant Unc,None,2 Onzas,Mo - Mexico City,2 troy oz,0.999,4.5 mm,48 mm,https://apmex.exceda.com/images/Catalog Images/Products/35935_Obv.jpg?v=20130602094622&width=450&height=450,https://apmex.exceda.com/images/Catalog Images/Products/35935_Rev.jpg?v=20130602094622&width=450&height=450,,0
"
                    Mexico 1/4 oz Silver Libertad BU (Random Year)
                ",35189,,Random,Brilliant Unc,None,1/4 Onza,Mo - Mexico City,0.25 troy oz,0.999,1.7 mm,27 mm,https://apmex.exceda.com/images/Catalog Images/Products/35189_Obv.jpg?v=20160602101154&width=450&height=450,https://apmex.exceda.com/images/Catalog Images/Products/35189_Rev.jpg?v=20160602101154&width=450&height=450,,0
"
                    1987 Mexico 1 oz Silver Libertad Proof (In Capsule)
                ",29629,,1987,Proof,None,1 Onza,Mo - Mexico City,1 troy oz,0.999,4 mm,36 mm,https://apmex.exceda.com/images/Catalog Images/Products/29629_Slab.jpg?v=20161122014945&width=450&height=450,https://apmex.exceda.com/images/Catalog Images/Products/29629_Obv.jpg?v=20161122014945&width=450&height=450,,0
"
                    2009 Mexican 5 oz Silver Libertad Proof (In Capsule)
                ",56133,$257.40,2009,Proof,None,5 Onzas,Mo - Mexico City,5 troy oz,0.999,5.4 mm,65 mm,https://apmex.exceda.com/images/Catalog Images/Products/56133_Obv.jpg?v=20160825123535&width=450&height=450,https://apmex.exceda.com/images/Catalog Images/Products/56133_Rev.jpg?v=20160825123535&width=450&height=450,,1
"
                    2009 Mexico 5 oz Silver Libertad BU
                ",54143,$202.40,2009,Brilliant Unc,None,5 Onzas,Mo - Mexico City,5 troy oz,0.999,5.4 mm,65 mm,https://apmex.exceda.com/images/Catalog Images/Products/54143_Obv.jpg?v=20151223110710&width=450&height=450,https://apmex.exceda.com/images/Catalog Images/Products/54143_Rev.jpg?v=20151223110710&width=450&height=450,,1
"
                    1991 Mexico 1 oz Silver Libertad Proof (w/Box & COA)
                ",23844,,1991,Proof,None,1 Onza,Mo - Mexico City,1 troy oz,0.999,4 mm,36 mm,https://apmex.exceda.com/images/Catalog Images/Products/23844_Slab.jpg?v=20150814121823&width=450&height=450,https://apmex.exceda.com/images/Catalog Images/Products/23844_Obv.jpg?v=20150814121823&width=450&height=450,https://apmex.exceda.com/images/Catalog Images/Products/23844_Rev.jpg?v=20150814121823&width=450&height=450,0
"
                    2009 Mexico 2 oz Silver Libertad BU
                ",54142,,2009,Brilliant Unc,None,2 Onzas,Mo - Mexico City,2 troy oz,0.999,4.5 mm,48 mm,https://apmex.exceda.com/images/Catalog Images/Products/54142_Obv.jpg?v=20151223093014&width=450&height=450,https://apmex.exceda.com/images/Catalog Images/Products/54142_Rev.jpg?v=20151223093014&width=450&height=450,,0
"
                    2008 Mexico 5 oz Silver Libertad BU
                ",39362,,2008,Brilliant Unc,None,5 Onzas,Mo - Mexico City,5 troy oz,0.999,5.4 mm,65 mm,https://apmex.exceda.com/images/Catalog Images/Products/39362_Obv.jpg?v=20141205112741&width=450&height=450,https://apmex.exceda.com/images/Catalog Images/Products/39362_Rev.jpg?v=20141205112741&width=450&height=450,,0
"
                    2016 Mexico 1 oz Silver Libertad Proof (In Capsule)
                ",98615,$85.47,2016,Proof,None,1 Onza,Mo - Mexico City,1 troy oz,0.999,3 mm,40 mm,https://apmex.exceda.com/images/Catalog Images/Products/98615_Slab.jpg?v=20160616105921&width=450&height=450,https://apmex.exceda.com/images/Catalog Images/Products/98615_Obv.jpg?v=20160616105921&width=450&height=450,https://apmex.exceda.com/images/Catalog Images/Products/98615_Rev.jpg?v=20160616105921&width=450&height=450,1
"
                    2017 Mexico 1/2 oz Silver Libertad Proof (In Capsule)
                ",103065,$22.73,2017,Proof,None,1/2 Onza,Mo - Mexico City,0.5 troy oz,0.999,2.6 mm,33 mm,https://apmex.exceda.com/images/Catalog Images/Products/103065_Slab.jpg?v=20170426022053&width=450&height=450,https://apmex.exceda.com/images/Catalog Images/Products/103065_Obv.jpg?v=20170426022053&width=450&height=450,https://apmex.exceda.com/images/Catalog Images/Products/103065_Rev.jpg?v=20170426022053&width=450&height=450,1
"
                    2015 Mexico 1 oz Silver Libertad Proof (In Capsule)
                ",92551,$65.48,2015,Proof,None,1 Onza,Mo - Mexico City,1 troy oz,0.999,3 mm,40 mm,https://apmex.exceda.com/images/Catalog Images/Products/92551_Obv.jpg?v=20150819114746&width=450&height=450,https://apmex.exceda.com/images/Catalog Images/Products/92551_Rev.jpg?v=20150819114746&width=450&height=450,,1
"
                    2011 Mexico 1 oz Silver Libertad Proof (In Capsule)
                ",61789,,2011,Proof,None,1 Onza,Mo - Mexico City,1 troy oz,0.999,3 mm,40 mm,https://apmex.exceda.com/images/Catalog Images/Products/61789_Obv.jpg?v=20150716050032&width=450&height=450,https://apmex.exceda.com/images/Catalog Images/Products/61789_Rev.jpg?v=20150716050032&width=450&height=450,,0
,87949,"
                        ,
                        ,
                   ",2015,Brilliant Unc,None,1/10 Onza,Mo - Mexico City,0.1 troy oz,0.999,1.4 mm,20 mm,https://apmex.exceda.com/images/Catalog Images/Products/87949_Obv.jpg?v=20150313092717&width=450&height=450,https://apmex.exceda.com/images/Catalog Images/Products/87949_Rev.jpg?v=20150313092717&width=450&height=450,,1
"
                    2015 Mexico 2 oz Silver Libertad BU
                ",87942,,2015,Brilliant Unc,None,2 Onzas,Mo - Mexico City,2 troy oz,0.999,4.5 mm,48 mm,https://apmex.exceda.com/images/Catalog Images/Products/87942_Obv.jpg?v=20150313092600&width=450&height=450,https://apmex.exceda.com/images/Catalog Images/Products/87942_Rev.jpg?v=20150313092600&width=450&height=450,/product/87942/2015-mexico-2-oz-silver-libertad-bu,0
"
                    1990 Mexico 1 oz Silver Libertad BU
                ",10209,$75.48,1990,Brilliant Unc,None,1 Onza,Mo - Mexico City,1 troy oz,0.999,4 mm,36 mm,https://apmex.exceda.com/images/Catalog Images/Products/10209_Obv.jpg?v=20130602094622&width=450&height=450,https://apmex.exceda.com/images/Catalog Images/Products/10209_Rev.jpg?v=20130602094622&width=450&height=450,,1
"
                    2014 Mexico 1 oz Silver Libertad Proof (In Capsule)
                ",79578,,2014,Proof,None,1 Onza,Mo - Mexico City,1 troy oz,0.999,3 mm,40 mm,https://apmex.exceda.com/images/Catalog Images/Products/79578_Obv.jpg?v=20140429024303&width=450&height=450,https://apmex.exceda.com/images/Catalog Images/Products/79578_Rev.jpg?v=20140429024303&width=450&height=450,,0
"
                    1991 Mexico 1 oz Silver Libertad BU
                ",7078,$55.47,1991,Brilliant Unc,None,1 Onza,Mo - Mexico City,1 troy oz,0.999,4 mm,36 mm,https://apmex.exceda.com/images/Catalog Images/Products/7078_Obv.jpg?v=20131224115047&width=450&height=450,https://apmex.exceda.com/images/Catalog Images/Products/7078_Rev.jpg?v=20131224115047&width=450&height=450,,1
"
                    2002 Mexico 1 oz Silver Libertad BU
                ",10218,$75.47,2002,Brilliant Unc,None,1 Onza,Mo - Mexico City,1 troy oz,0.999,3 mm,40 mm,https://apmex.exceda.com/images/Catalog Images/Products/10218_Obv.jpg?v=20130602094622&width=450&height=450,https://apmex.exceda.com/images/Catalog Images/Products/10218_Rev.jpg?v=20130602094622&width=450&height=450,,1
"
                    2017 Mexico 1/10 oz Silver Libertad Proof (In Capsule)
                ",103063,$9.54,2017,Proof,None,1/10 Onza,Mo - Mexico City,0.1 troy oz,0.999,1.4 mm,20 mm,https://apmex.exceda.com/images/Catalog Images/Products/103063_Slab.jpg?v=20170426030208&width=450&height=450,https://apmex.exceda.com/images/Catalog Images/Products/103063_Obv.jpg?v=20170426030208&width=450&height=450,https://apmex.exceda.com/images/Catalog Images/Products/103063_Rev.jpg?v=20170426030208&width=450&height=450,1
"
                    2016 Mexico 1/2 oz Silver Libertad BU
                ",96163,$16.73,2016,Brilliant Unc,None,1/2 Onza,Mo - Mexico City,0.5 troy oz,0.999,2.6 mm,33 mm,https://apmex.exceda.com/images/Catalog Images/Products/96163_Obv.jpg?v=20160412101203&width=450&height=450,https://apmex.exceda.com/images/Catalog Images/Products/96163_Rev.jpg?v=20160412101203&width=450&height=450,,1
"
                    2016 Mexico 1/20 oz Silver Libertad BU
                ",96166,,2016,Brilliant Unc,None,1/20 Onza,Mo - Mexico City,0.05 troy oz,0.999,1 mm,16 mm,https://apmex.exceda.com/images/Catalog Images/Products/96166_Obv.jpg?v=20160412101111&width=450&height=450,https://apmex.exceda.com/images/Catalog Images/Products/96166_Rev.jpg?v=20160412101111&width=450&height=450,,0
"
                    1988 Mexico 1 oz Silver Libertad BU
                ",10207,$114.99,1988,Brilliant Unc,None,1 Onza,Mo - Mexico City,1 troy oz,0.999,4 mm,36 mm,https://apmex.exceda.com/images/Catalog Images/Products/10207_Obv.jpg?v=20160323050209&width=450&height=450,https://apmex.exceda.com/images/Catalog Images/Products/10207_Rev.jpg?v=20160323050209&width=450&height=450,,1
"
                    1999 Mexico 1 oz Silver Libertad BU
                ",10216,$129.99,1999,Brilliant Unc,None,1 Onza,Mo - Mexico City,1 troy oz,0.999,3 mm,40 mm,https://apmex.exceda.com/images/Catalog Images/Products/10216_Obv.jpg?v=20151223085604&width=450&height=450,https://apmex.exceda.com/images/Catalog Images/Products/10216_Rev.jpg?v=20151223085604&width=450&height=450,,1
"
                    1987 Mexico 1 oz Silver Libertad BU
                ",10206,$100.48,1987,Brilliant Unc,None,1 Onza,Mo - Mexico City,1 troy oz,0.999,4 mm,36 mm,https://apmex.exceda.com/images/Catalog Images/Products/10206_Obv.jpg?v=20130602094622&width=450&height=450,https://apmex.exceda.com/images/Catalog Images/Products/10206_Rev.jpg?v=20130602094622&width=450&height=450,,1
"
                    1994 Mexico 1 oz Silver Libertad BU
                ",7077,$60.47,1994,Brilliant Unc,None,1 Onza,Mo - Mexico City,1 troy oz,0.999,4 mm,36 mm,https://apmex.exceda.com/images/Catalog Images/Products/7077_Obv.jpg?v=20130602094622&width=450&height=450,https://apmex.exceda.com/images/Catalog Images/Products/7077_Rev.jpg?v=20130602094622&width=450&height=450,,1
"
                    2016 Mexico 2 oz Silver Libertad Proof (In Capsule)
                ",101668,,2016,Proof,None,2 Onzas,Mo - Mexico City,2 troy oz,0.999,4.5 mm,48 mm,https://apmex.exceda.com/images/Catalog Images/Products/101668_Slab.jpg?v=20160620094836&width=450&height=450,https://apmex.exceda.com/images/Catalog Images/Products/101668_Obv.jpg?v=20160620094836&width=450&height=450,https://apmex.exceda.com/images/Catalog Images/Products/101668_Rev.jpg?v=20160620094836&width=450&height=450,0
"
                    2009 Mexico 1/20 oz Silver Libertad Proof (In Capsule)
                ",62099,$13.76,2009,Proof,None,1/20 Onza,Mo - Mexico City,0.05 troy oz,0.999,1 mm,16 mm,https://apmex.exceda.com/images/Catalog Images/Products/62099_Obv.jpg?v=20130602094622&width=450&height=450,https://apmex.exceda.com/images/Catalog Images/Products/62099_Rev.jpg?v=20130602094622&width=450&height=450,,1
"
                    2004 Mexico 1 oz Silver Libertad BU
                ",1113,$105.48,2004,Brilliant Unc,None,1 Onza,Mo - Mexico City,1 troy oz,0.999,3 mm,40 mm,https://apmex.exceda.com/images/Catalog Images/Products/1113_Obv.jpg?v=20130602094622&width=450&height=450,https://apmex.exceda.com/images/Catalog Images/Products/1113_Rev.jpg?v=20130602094622&width=450&height=450,,1
"
                    2001 Mexico 1 oz Silver Libertad BU
                ",10217,$53.48,2001,Brilliant Unc,None,1 Onza,Mo - Mexico City,1 troy oz,0.999,3 mm,40 mm,https://apmex.exceda.com/images/Catalog Images/Products/10217_Obv.jpg?v=20130602094622&width=450&height=450,https://apmex.exceda.com/images/Catalog Images/Products/10217_Rev.jpg?v=20130602094622&width=450&height=450,,1
"
                    1997 Mexico 1 oz Silver Libertad BU
                ",10214,$150.00,1997,Brilliant Unc,None,1 Onza,Mo - Mexico City,1 troy oz,0.999,3 mm,40 mm,https://apmex.exceda.com/images/Catalog Images/Products/10214_Obv.jpg?v=20150717091738&width=450&height=450,https://apmex.exceda.com/images/Catalog Images/Products/10214_Rev.jpg?v=20150717091738&width=450&height=450,,1
"
                    1995 Mexico 1 oz Silver Libertad BU
                ",10212,$60.48,1995,Brilliant Unc,None,1 Onza,Mo - Mexico City,1 troy oz,0.999,4 mm,36 mm,https://apmex.exceda.com/images/Catalog Images/Products/10212_Obv.jpg?v=20130602094622&width=450&height=450,https://apmex.exceda.com/images/Catalog Images/Products/10212_Rev.jpg?v=20130602094622&width=450&height=450,,1
"
                    2005 Mexico 1 oz Silver Libertad BU
                ",6578,,2005,Brilliant Unc,None,1 Onza,Mo - Mexico City,1 troy oz,0.999,3 mm,40 mm,https://apmex.exceda.com/images/Catalog Images/Products/6578_Obv.jpg?v=20150513095846&width=450&height=450,https://apmex.exceda.com/images/Catalog Images/Products/6578_Rev.jpg?v=20150513095846&width=450&height=450,,0
"
                    2007 Mexico 1 oz Silver Libertad BU
                ",18532,$295.48,2007,Brilliant Unc,None,1 Onza,Mo - Mexico City,1 troy oz,0.999,3 mm,40 mm,https://apmex.exceda.com/images/Catalog Images/Products/18532_Obv.jpg?v=20150720093758&width=450&height=450,https://apmex.exceda.com/images/Catalog Images/Products/18532_Rev.jpg?v=20150720093758&width=450&height=450,,1
"
                    2010 Mexico 1/20 oz Silver Libertad Proof (In Capsule)
                ",60683,,2010,Proof,None,1/20 Onza,Mo - Mexico City,0.05 troy oz,0.999,1 mm,16 mm,https://apmex.exceda.com/images/Catalog Images/Products/60683_Obv.jpg?v=20130602094622&width=450&height=450,https://apmex.exceda.com/images/Catalog Images/Products/60683_Rev.jpg?v=20130602094622&width=450&height=450,,0
"
                    2014 Mexico 1/10 oz Silver Libertad Proof (In Capsule)
                ",81095,,2014,Proof,None,1/10 Onza,Mo - Mexico City,0.1 troy oz,0.999,1.4 mm,20 mm,https://apmex.exceda.com/images/Catalog Images/Products/81095_Obv.jpg?v=20141027115434&width=450&height=450,https://apmex.exceda.com/images/Catalog Images/Products/81095_Rev.jpg?v=20141027115434&width=450&height=450,,0
"
                    2008 Mexico 1 oz Silver Libertad BU
                ",35934,$65.48,2008,Brilliant Unc,None,1 Onza,Mo - Mexico City,1 troy oz,0.999,3 mm,40 mm,https://apmex.exceda.com/images/Catalog Images/Products/35934_Obv.jpg?v=20150721020534&width=450&height=450,https://apmex.exceda.com/images/Catalog Images/Products/35934_Rev.jpg?v=20150721020534&width=450&height=450,,1
"
                    1992 Mexico 1 oz Silver Libertad BU
                ",10210,$85.47,1992,Brilliant Unc,None,1 Onza,Mo - Mexico City,1 troy oz,0.999,4 mm,36 mm,https://apmex.exceda.com/images/Catalog Images/Products/10210_Obv.jpg?v=20130602094622&width=450&height=450,https://apmex.exceda.com/images/Catalog Images/Products/10210_Rev.jpg?v=20130602094622&width=450&height=450,,1
"
                    2017 Mexico 1/20 oz Silver Libertad BU
                ",149999,$7.06,2017,Brilliant Unc,None,1/20 Onza,Mo - Mexico City,0.05 troy oz,0.999,1 mm,16.2 mm,https://apmex.exceda.com/images/Catalog Images/Products/149999_Obv.jpg?v=20170403100844&width=450&height=450,https://apmex.exceda.com/images/Catalog Images/Products/149999_Rev.jpg?v=20170403100844&width=450&height=450,,1
"
                    2015 Mexico 1/10 oz Silver Libertad Proof (In Capsule)
                ",92554,$8.54,2015,Proof,None,1/10 Onza,Mo - Mexico City,0.1 troy oz,0.999,1.4 mm,20 mm,https://apmex.exceda.com/images/Catalog Images/Products/92554_Obv.jpg?v=20150819033124&width=450&height=450,https://apmex.exceda.com/images/Catalog Images/Products/92554_Rev.jpg?v=20150819033124&width=450&height=450,,1
,103071,"
                        ,
                        ,
                   ",2017,Proof,None,2 Onzas,Mo - Mexico City,2 troy oz,0.999,4.5 mm,48 mm,https://apmex.exceda.com/images/Catalog Images/Products/103071_Slab.jpg?v=20170419022604&width=450&height=450,https://apmex.exceda.com/images/Catalog Images/Products/103071_Obv.jpg?v=20170419022604&width=450&height=450,https://apmex.exceda.com/images/Catalog Images/Products/103071_Rev.jpg?v=20170419022604&width=450&height=450,1
"
                    1989 Mexico 1 oz Silver Libertad BU
                ",10208,$70.48,1989,Brilliant Unc,None,1 Onza,Mo - Mexico City,1 troy oz,0.999,4 mm,36 mm,https://apmex.exceda.com/images/Catalog Images/Products/10208_Obv.jpg?v=20130602094622&width=450&height=450,https://apmex.exceda.com/images/Catalog Images/Products/10208_Rev.jpg?v=20130602094622&width=450&height=450,,1
"
                    2009 Mexico 1 oz Silver Libertad Proof (In Capsule)
                ",56127,,2009,Proof,None,1 Onza,Mo - Mexico City,1 troy oz,0.999,3 mm,40 mm,https://apmex.exceda.com/images/Catalog Images/Products/56127_Slab.jpg?v=20161221041447&width=450&height=450,https://apmex.exceda.com/images/Catalog Images/Products/56127_Obv.jpg?v=20161221041447&width=450&height=450,https://apmex.exceda.com/images/Catalog Images/Products/56127_Rev.jpg?v=20161221041447&width=450&height=450,0
"
                    2010 Mexico 1 oz Silver Libertad BU
                ",57109,,2010,Brilliant Unc,None,1 Onza,Mo - Mexico City,1 troy oz,0.999,3 mm,40 mm,https://apmex.exceda.com/images/Catalog Images/Products/57109_Obv.jpg?v=20130602094622&width=450&height=450,https://apmex.exceda.com/images/Catalog Images/Products/57109_Rev.jpg?v=20130602094622&width=450&height=450,,0
"
                    2017 Mexico 5 oz Silver Libertad Proof (In Capsule)
                ",103073,$227.40,2017,Proof,None,5 Onzas,Mo - Mexico City,5 troy oz,0.999,5.4 mm,65 mm,https://apmex.exceda.com/images/Catalog Images/Products/103073_Slab.jpg?v=20170419024348&width=450&height=450,https://apmex.exceda.com/images/Catalog Images/Products/103073_Obv.jpg?v=20170419024348&width=450&height=450,https://apmex.exceda.com/images/Catalog Images/Products/103073_Rev.jpg?v=20170419024348&width=450&height=450,1
"
                    Mexico 2 oz Silver Libertad BU (Random Year)
                ",36806,,Random,Brilliant Unc,None,2 Onzas,Mo - Mexico City,2 troy oz,0.999,4.5 mm,48 mm,https://apmex.exceda.com/images/Catalog Images/Products/36806_Obv.jpg?v=20160909115105&width=450&height=450,https://apmex.exceda.com/images/Catalog Images/Products/36806_Rev.jpg?v=20160909115105&width=450&height=450,,0
"
                    2018 Mexico 1/20 oz Silver Libertad Proof (In Capsule)
                ",162423,$10.76,2018,Proof,None,1/20 Onza,Mo - Mexico City,0.05 troy oz,0.999,1 mm,16 mm,https://apmex.exceda.com/images/Catalog Images/Products/162423_Slab.jpg?v=20180222043922&width=450&height=450,https://apmex.exceda.com/images/Catalog Images/Products/162423_Obv.jpg?v=20180222043922&width=450&height=450,https://apmex.exceda.com/images/Catalog Images/Products/162423_Rev.jpg?v=20180222043922&width=450&height=450,1
"
                    2015 Mexico 1/20 oz Silver Libertad Proof (In Capsule)
                ",92555,$7.76,2015,Proof,None,1/20 Onza,Mo - Mexico City,0.05 troy oz,0.999,1 mm,16 mm,https://apmex.exceda.com/images/Catalog Images/Products/92555_Obv.jpg?v=20150819033131&width=450&height=450,https://apmex.exceda.com/images/Catalog Images/Products/92555_Rev.jpg?v=20150819033131&width=450&height=450,,1
"
                    2018 Mexico 2 oz Silver Libertad Proof (In Capsule)
                ",162419,$90.94,2018,Proof,None,2 Onzas,Mo - Mexico City,2 troy oz,0.999,4.5 mm,48 mm,https://apmex.exceda.com/images/Catalog Images/Products/162419_Slab.jpg?v=20180222024424&width=450&height=450,https://apmex.exceda.com/images/Catalog Images/Products/162419_Obv.jpg?v=20180222024424&width=450&height=450,https://apmex.exceda.com/images/Catalog Images/Products/162419_Rev.jpg?v=20180222024424&width=450&height=450,1
"
                    1984 Mexico 1 oz Silver Libertad BU
                ",10203,$30.47,1984,Brilliant Unc,None,1 Onza,Mo - Mexico City,1 troy oz,0.999,4 mm,36 mm,https://apmex.exceda.com/images/Catalog Images/Products/10203_Obv.jpg?v=20130602094622&width=450&height=450,https://apmex.exceda.com/images/Catalog Images/Products/10203_Rev.jpg?v=20130602094622&width=450&height=450,,1
"
                    Mexico 1/2 oz Silver Libertad BU (Random Year)
                ",35276,,Random,Brilliant Unc,None,1/2 Onza,Mo - Mexico City,0.5 troy oz,0.999,2.6 mm,33 mm,https://apmex.exceda.com/images/Catalog Images/Products/35276_Obv.jpg?v=20140428082501&width=450&height=450,https://apmex.exceda.com/images/Catalog Images/Products/35276_Rev.jpg?v=20140428082501&width=450&height=450,,0
"
                    Mexico 1/10 oz Silver Libertad BU (Random Year)
                ",35190,$8.54,Random,Brilliant Unc,None,1/10 Onza,Mo - Mexico City,0.1 troy oz,0.999,1.4 mm,20 mm,https://apmex.exceda.com/images/Catalog Images/Products/35190_Obv.jpg?v=20140428083411&width=450&height=450,https://apmex.exceda.com/images/Catalog Images/Products/35190_Rev.jpg?v=20140428083411&width=450&height=450,,1
"
                    2016 Mexico 1/2 oz Silver Libertad Proof (In Capsule)
                ",98614,$24.73,2016,Proof,None,1/2 Onza,Mo - Mexico City,0.5 troy oz,0.999,2.6 mm,33 mm,https://apmex.exceda.com/images/Catalog Images/Products/98614_Slab.jpg?v=20160620091719&width=450&height=450,https://apmex.exceda.com/images/Catalog Images/Products/98614_Obv.jpg?v=20160620091719&width=450&height=450,https://apmex.exceda.com/images/Catalog Images/Products/98614_Rev.jpg?v=20160620091719&width=450&height=450,1
"
                    2009 Mexico 1 oz Silver Libertad BU
                ",50584,$29.47,2009,Brilliant Unc,None,1 Onza,Mo - Mexico City,1 troy oz,0.999,3 mm,40 mm,https://apmex.exceda.com/images/Catalog Images/Products/50584_Obv.jpg?v=20130602094622&width=450&height=450,https://apmex.exceda.com/images/Catalog Images/Products/50584_Rev.jpg?v=20130602094622&width=450&height=450,,1
"
                    2018 Mexico 1/20 oz Silver Libertad BU
                ",162412,$6.76,2018,Brilliant Unc,None,1/20 Onza,Mo - Mexico City,0.05 troy oz,0.999,1 mm,16.2 mm,https://apmex.exceda.com/images/Catalog Images/Products/162412_Obv.jpg?v=20180221092830&width=450&height=450,https://apmex.exceda.com/images/Catalog Images/Products/162412_Rev.jpg?v=20180221092830&width=450&height=450,,1
"
                    2014 Mexico 1 oz Silver Libertad BU
                ",79577,$35.47,2014,Brilliant Unc,None,1 Onza,Mo - Mexico City,1 troy oz,0.999,3 mm,40 mm,https://apmex.exceda.com/images/Catalog Images/Products/79577_Slab.jpg?v=20140818092550&width=450&height=450,https://apmex.exceda.com/images/Catalog Images/Products/79577_Obv.jpg?v=20140818092550&width=450&height=450,https://apmex.exceda.com/images/Catalog Images/Products/79577_Rev.jpg?v=20140818092550&width=450&height=450,1
"
                    2017 Mexico 1/2 oz Silver Libertad BU
                ",150002,$17.73,2017,Brilliant Unc,None,1/2 Onza,Mo - Mexico City,0.5 troy oz,0.999,2.6 mm,33 mm,https://apmex.exceda.com/images/Catalog Images/Products/150002_Obv.jpg?v=20170403095747&width=450&height=450,https://apmex.exceda.com/images/Catalog Images/Products/150002_Rev.jpg?v=20170403095747&width=450&height=450,,1
"
                    2017 Mexico 1 oz Silver Libertad Proof (Spotted)
                ",157510,$28.47,2017,Proof,None,1 Onza,Mo - Mexico City,1 troy oz,0.999,3 mm,40 mm,https://apmex.exceda.com/images/Catalog Images/Products/157510_Slab.jpg?v=20171114014202&width=450&height=450,https://apmex.exceda.com/images/Catalog Images/Products/157510_Obv.jpg?v=20171114014203&width=450&height=450,https://apmex.exceda.com/images/Catalog Images/Products/157510_Rev.jpg?v=20171114014203&width=450&height=450,1
"
                    1993 Mexico 1 oz Silver Libertad BU
                ",10213,$35.47,1993,Brilliant Unc,None,1 Onza,Mo - Mexico City,1 troy oz,0.999,4 mm,36 mm,https://apmex.exceda.com/images/Catalog Images/Products/10213_Obv.jpg?v=20130602094622&width=450&height=450,https://apmex.exceda.com/images/Catalog Images/Products/10213_Rev.jpg?v=20130602094622&width=450&height=450,,1
,150005,"
                            ,
                            ,
                        ",2017,Brilliant Unc,None,5 Onzas,Mo - Mexico City,5 troy oz,0.999,5.4 mm,65 mm,https://apmex.exceda.com/images/Catalog Images/Products/150005_Obv.jpg?v=20170403095832&width=450&height=450,https://apmex.exceda.com/images/Catalog Images/Products/150005_Rev.jpg?v=20170403095832&width=450&height=450,,1
"
                    2018 Mexico 1 oz Silver Libertad (MintDirect® Single)
                ",152504,$21.47,2018,Brilliant Unc,MintDirect,1 Onza,Mo - Mexico City,1 troy oz,0.999,3 mm,40 mm,https://apmex.exceda.com/images/Catalog Images/Products/152504_Slab.jpg?v=20170918114103&width=450&height=450,https://apmex.exceda.com/images/Catalog Images/Products/152504_Obv.jpg?v=20170918114103&width=450&height=450,https://apmex.exceda.com/images/Catalog Images/Products/152504_Rev.jpg?v=20170918114103&width=450&height=450,1
"
                    2017 Mexico 1 oz Silver Libertad (MintDirect® Single)
                ",103051,$21.87,2017,Brilliant Unc,MintDirect,1 Onza,Mo - Mexico City,1 troy oz,0.999,3 mm,40 mm,https://apmex.exceda.com/images/Catalog Images/Products/103051_Slab.jpg?v=20161003043427&width=450&height=450,https://apmex.exceda.com/images/Catalog Images/Products/103051_Obv.jpg?v=20161003043427&width=450&height=450,https://apmex.exceda.com/images/Catalog Images/Products/103051_Rev.jpg?v=20161003043427&width=450&height=450,1
"
                    1983 Mexico 1 oz Silver Libertad BU
                ",10202,$30.47,1983,Brilliant Unc,None,1 Onza,Mo - Mexico City,1 troy oz,0.999,4 mm,36 mm,https://apmex.exceda.com/images/Catalog Images/Products/10202_Obv.jpg?v=20130602094622&width=450&height=450,https://apmex.exceda.com/images/Catalog Images/Products/10202_Rev.jpg?v=20130602094622&width=450&height=450,,1
"
                    2018 Mexico 1/4 oz Silver Libertad Proof (In Capsule)
                ",162425,$38.86,2018,Proof,None,1/4 Onza,Mo - Mexico City,0.25 troy oz,0.999,1.7 mm,27 mm,https://apmex.exceda.com/images/Catalog Images/Products/162425_Slab.jpg?v=20180222033035&width=450&height=450,https://apmex.exceda.com/images/Catalog Images/Products/162425_Obv.jpg?v=20180222033035&width=450&height=450,https://apmex.exceda.com/images/Catalog Images/Products/162425_Rev.jpg?v=20180222033035&width=450&height=450,1
"
                    2018 Mexico 1/2 oz Silver Libertad BU
                ",162417,$13.73,2018,Brilliant Unc,None,1/2 Onza,Mo - Mexico City,0.5 troy oz,0.999,2.6 mm,33 mm,https://apmex.exceda.com/images/Catalog Images/Products/162417_Obv.jpg?v=20180221092913&width=450&height=450,https://apmex.exceda.com/images/Catalog Images/Products/162417_Rev.jpg?v=20180221092913&width=450&height=450,,1
"
                    Mexico 1/20 oz Silver Libertad BU (Random Year)
                ",35191,$5.26,Random,Brilliant Unc,None,1/20 Onza,Mo - Mexico City,0.05 troy oz,0.999,1 mm,16 mm,https://apmex.exceda.com/images/Catalog Images/Products/35191_Obv.jpg?v=20160726034523&width=450&height=450,https://apmex.exceda.com/images/Catalog Images/Products/35191_Rev.jpg?v=20160726034523&width=450&height=450,,1
"
                    2018 Mexico 1 oz Silver Libertad Proof (In Capsule)
                ",162418,$45.47,2018,Proof,None,1 Onza,Mo - Mexico City,1 troy oz,0.999,3 mm,40 mm,https://apmex.exceda.com/images/Catalog Images/Products/162418_Slab.jpg?v=20180222023845&width=450&height=450,https://apmex.exceda.com/images/Catalog Images/Products/162418_Obv.jpg?v=20180222023845&width=450&height=450,https://apmex.exceda.com/images/Catalog Images/Products/162418_Rev.jpg?v=20180222023845&width=450&height=450,1
"
                    2018 Mexico 1/10 oz Silver Libertad BU
                ",162413,$7.04,2018,Brilliant Unc,None,1/10 Onza,Mo - Mexico City,0.1 troy oz,0.999,1.4 mm,20 mm,https://apmex.exceda.com/images/Catalog Images/Products/162413_Obv.jpg?v=20180221092844&width=450&height=450,https://apmex.exceda.com/images/Catalog Images/Products/162413_Rev.jpg?v=20180221092844&width=450&height=450,,1
"
                    2018 Mexico 1/4 oz Silver Libertad BU
                ",162416,$8.86,2018,Brilliant Unc,None,1/4 Onza,Mo - Mexico City,0.25 troy oz,0.999,1.7 mm,27 mm,https://apmex.exceda.com/images/Catalog Images/Products/162416_Obv.jpg?v=20180221092900&width=450&height=450,https://apmex.exceda.com/images/Catalog Images/Products/162416_Rev.jpg?v=20180221092900&width=450&height=450,,1
"
                    2018 Mexico 1 oz Silver Libertad (MintDirect® Premier Single)
                ",152586,$21.97,2018,Brilliant Unc,MintDirect,1 Onza,Mo - Mexico City,1 troy oz,0.999,3 mm,40 mm,https://apmex.exceda.com/images/Catalog Images/Products/152586_Slab.jpg?v=20170918114117&width=450&height=450,https://apmex.exceda.com/images/Catalog Images/Products/152586_Obv.jpg?v=20170918114117&width=450&height=450,https://apmex.exceda.com/images/Catalog Images/Products/152586_Rev.jpg?v=20170918114117&width=450&height=450,1
"
                    1985 Mexico 1 oz Silver Libertad BU
                ",10204,$25.47,1985,Brilliant Unc,None,1 Onza,Mo - Mexico City,1 troy oz,0.999,4 mm,36 mm,https://apmex.exceda.com/images/Catalog Images/Products/10204_Obv.jpg?v=20130602094622&width=450&height=450,https://apmex.exceda.com/images/Catalog Images/Products/10204_Rev.jpg?v=20130602094622&width=450&height=450,,1
"
                    2018 Mexico 2 oz Silver Libertad BU
                ",162407,$57.94,2018,Brilliant Unc,None,2 Onzas,Mo - Mexico City,2 troy oz,0.999,4.5 mm,48 mm,https://apmex.exceda.com/images/Catalog Images/Products/162407_Obv.jpg?v=20180518030910&width=450&height=450,https://apmex.exceda.com/images/Catalog Images/Products/162407_Rev.jpg?v=20180518030910&width=450&height=450,,1
"
                    2017 Mexico 1 oz Silver Libertad BU
                ",150003,$19.47,2017,Brilliant Unc,None,1 Onza,Mo - Mexico City,1 troy oz,0.999,3 mm,40 mm,https://apmex.exceda.com/images/Catalog Images/Products/150003_Obv.jpg?v=20170403101405&width=450&height=450,https://apmex.exceda.com/images/Catalog Images/Products/150003_Rev.jpg?v=20170403101405&width=450&height=450,,1
"
                    2018 Mexico 5 oz Silver Libertad BU
                ",162409,$137.35,2018,Brilliant Unc,None,5 Onzas,Mo - Mexico City,5 troy oz,0.999,5.4 mm,65 mm,https://apmex.exceda.com/images/Catalog Images/Products/162409_Slab.jpg?v=20180518030930&width=450&height=450,https://apmex.exceda.com/images/Catalog Images/Products/162409_Obv.jpg?v=20180518030930&width=450&height=450,https://apmex.exceda.com/images/Catalog Images/Products/162409_Rev.jpg?v=20180518030930&width=450&height=450,1
"
                    2015 Mexico 1 oz Silver Libertad BU
                ",87944,$19.57,2015,Brilliant Unc,None,1 Onza,Mo - Mexico City,1 troy oz,0.999,3 mm,40 mm,https://apmex.exceda.com/images/Catalog Images/Products/87944_Slab.jpg?v=20160810040214&width=450&height=450,https://apmex.exceda.com/images/Catalog Images/Products/87944_Obv.jpg?v=20160810040214&width=450&height=450,https://apmex.exceda.com/images/Catalog Images/Products/87944_Rev.jpg?v=20160810040214&width=450&height=450,1
"
                    Mexico 1 oz Silver Libertad BU (Random Year)
                ",1114,,Random,Brilliant Unc,None,1 Onza,Mo - Mexico City,1 troy oz,0.999,Varies mm,Varies mm,https://apmex.exceda.com/images/Catalog Images/Products/1114_Slab.jpg?v=20141009113708&width=450&height=450,https://apmex.exceda.com/images/Catalog Images/Products/1114_Obv.jpg?v=20141009113708&width=450&height=450,https://apmex.exceda.com/images/Catalog Images/Products/1114_Rev.jpg?v=20141009113708&width=450&height=450,0
"
                    2016 Mexico 1 oz Silver Libertad BU
                ",92371,$20.97,2016,Brilliant Unc,None,1 Onza,Mo - Mexico City,1 troy oz,0.999,3 mm,40 mm,"https://apmex.exceda.com/images/Catalog Images/Products/92371_Slab.jpg?v=20170223023144&width=450&height=450,/product/92371/2016-mexico-1-oz-silver-libertad-bu",https://apmex.exceda.com/images/Catalog Images/Products/92371_Obv.jpg?v=20170223023144&width=450&height=450,https://apmex.exceda.com/images/Catalog Images/Products/92371_Rev.jpg?v=20170223023144&width=450&height=450,1
